content,classes,id,title,link
"Quotes to ScrapeLogin“The world as we have created it is a process of our thinking. It cannot be changed without changing our thinking.”byAlbert Einstein(about)Tags:changedeep-thoughtsthinkingworld“It is our choices, Harry, that show what we truly are, far more than our abilities.”byJ.K. Rowling(about)Tags:abilitieschoices“There are only two ways to live your life. One is as though nothing is a miracle. The other is as though everything is a miracle.”byAlbert Einstein(about)Tags:inspirationallifelivemiraclemiracles“The person, be it gentleman or lady, who has not pleasure in a good novel, must be intolerably stupid.”byJane Austen(about)Tags:aliteracybooksclassichumor“Imperfection is beauty, madness is genius and it's better to be absolutely ridiculous than absolutely boring.”byMarilyn Monroe(about)Tags:be-yourselfinspirational“Try not to become a man of success. Rather become a man of value.”byAlbert Einstein(about)Tags:adulthoodsuccessvalue“It is better to be hated for what you are than to be loved for what you are not.”byAndré Gide(about)Tags:lifelove“I have not failed. I've just found 10,000 ways that won't work.”byThomas A. Edison(about)Tags:edisonfailureinspirationalparaphrased“A woman is like a tea bag; you never know how strong it is until it's in hot water.”byEleanor Roosevelt(about)Tags:misattributed-eleanor-roosevelt“A day without sunshine is like, you know, night.”bySteve Martin(about)Tags:humorobvioussimileNext→Top Ten tagsloveinspirationallifehumorbooksreadingfriendshipfriendstruthsimile",['container'],,Quotes to Scrape,http://quotes.toscrape.com/
"“The world as we have created it is a process of our thinking. It cannot be changed without changing our thinking.”byAlbert Einstein(about)Tags:changedeep-thoughtsthinkingworld“It is our choices, Harry, that show what we truly are, far more than our abilities.”byJ.K. Rowling(about)Tags:abilitieschoices“There are only two ways to live your life. One is as though nothing is a miracle. The other is as though everything is a miracle.”byAlbert Einstein(about)Tags:inspirationallifelivemiraclemiracles“The person, be it gentleman or lady, who has not pleasure in a good novel, must be intolerably stupid.”byJane Austen(about)Tags:aliteracybooksclassichumor“Imperfection is beauty, madness is genius and it's better to be absolutely ridiculous than absolutely boring.”byMarilyn Monroe(about)Tags:be-yourselfinspirational“Try not to become a man of success. Rather become a man of value.”byAlbert Einstein(about)Tags:adulthoodsuccessvalue“It is better to be hated for what you are than to be loved for what you are not.”byAndré Gide(about)Tags:lifelove“I have not failed. I've just found 10,000 ways that won't work.”byThomas A. Edison(about)Tags:edisonfailureinspirationalparaphrased“A woman is like a tea bag; you never know how strong it is until it's in hot water.”byEleanor Roosevelt(about)Tags:misattributed-eleanor-roosevelt“A day without sunshine is like, you know, night.”bySteve Martin(about)Tags:humorobvioussimileNext→Top Ten tagsloveinspirationallifehumorbooksreadingfriendshipfriendstruthsimile",['row'],,Top Ten tags,http://quotes.toscrape.com/author/Albert-Einstein
"“The world as we have created it is a process of our thinking. It cannot be changed without changing our thinking.”byAlbert Einstein(about)Tags:changedeep-thoughtsthinkingworld“It is our choices, Harry, that show what we truly are, far more than our abilities.”byJ.K. Rowling(about)Tags:abilitieschoices“There are only two ways to live your life. One is as though nothing is a miracle. The other is as though everything is a miracle.”byAlbert Einstein(about)Tags:inspirationallifelivemiraclemiracles“The person, be it gentleman or lady, who has not pleasure in a good novel, must be intolerably stupid.”byJane Austen(about)Tags:aliteracybooksclassichumor“Imperfection is beauty, madness is genius and it's better to be absolutely ridiculous than absolutely boring.”byMarilyn Monroe(about)Tags:be-yourselfinspirational“Try not to become a man of success. Rather become a man of value.”byAlbert Einstein(about)Tags:adulthoodsuccessvalue“It is better to be hated for what you are than to be loved for what you are not.”byAndré Gide(about)Tags:lifelove“I have not failed. I've just found 10,000 ways that won't work.”byThomas A. Edison(about)Tags:edisonfailureinspirationalparaphrased“A woman is like a tea bag; you never know how strong it is until it's in hot water.”byEleanor Roosevelt(about)Tags:misattributed-eleanor-roosevelt“A day without sunshine is like, you know, night.”bySteve Martin(about)Tags:humorobvioussimileNext→",['col-md-8'],,,http://quotes.toscrape.com/author/Albert-Einstein
“The world as we have created it is a process of our thinking. It cannot be changed without changing our thinking.”byAlbert Einstein(about)Tags:changedeep-thoughtsthinkingworld,['quote'],,,http://quotes.toscrape.com/author/Albert-Einstein
"“It is our choices, Harry, that show what we truly are, far more than our abilities.”byJ.K. Rowling(about)Tags:abilitieschoices",['quote'],,,http://quotes.toscrape.com/author/J-K-Rowling
“There are only two ways to live your life. One is as though nothing is a miracle. The other is as though everything is a miracle.”byAlbert Einstein(about)Tags:inspirationallifelivemiraclemiracles,['quote'],,,http://quotes.toscrape.com/author/Albert-Einstein
"“The person, be it gentleman or lady, who has not pleasure in a good novel, must be intolerably stupid.”byJane Austen(about)Tags:aliteracybooksclassichumor",['quote'],,,http://quotes.toscrape.com/author/Jane-Austen
"“Imperfection is beauty, madness is genius and it's better to be absolutely ridiculous than absolutely boring.”byMarilyn Monroe(about)Tags:be-yourselfinspirational",['quote'],,,http://quotes.toscrape.com/author/Marilyn-Monroe
“Try not to become a man of success. Rather become a man of value.”byAlbert Einstein(about)Tags:adulthoodsuccessvalue,['quote'],,,http://quotes.toscrape.com/author/Albert-Einstein
“It is better to be hated for what you are than to be loved for what you are not.”byAndré Gide(about)Tags:lifelove,['quote'],,,http://quotes.toscrape.com/author/Andre-Gide
"“I have not failed. I've just found 10,000 ways that won't work.”byThomas A. Edison(about)Tags:edisonfailureinspirationalparaphrased",['quote'],,,http://quotes.toscrape.com/author/Thomas-A-Edison
“A woman is like a tea bag; you never know how strong it is until it's in hot water.”byEleanor Roosevelt(about)Tags:misattributed-eleanor-roosevelt,['quote'],,,http://quotes.toscrape.com/author/Eleanor-Roosevelt
"“A day without sunshine is like, you know, night.”bySteve Martin(about)Tags:humorobvioussimile",['quote'],,,http://quotes.toscrape.com/author/Steve-Martin
Top Ten tagsloveinspirationallifehumorbooksreadingfriendshipfriendstruthsimile,"['col-md-4', 'tags-box']",,Top Ten tags,http://quotes.toscrape.com/tag/love/
